INSERT INTO Users (User_Id, Username, Email, PasswordHash, Birthdate, CreatedAt) VALUES
(1, 'oliviawilliams1', 'oliviawilliams1@example.com', 'hash1', '1994-12-15', '2025-04-13 05:05:31'),
(2, 'noahjohnson2', 'noahjohnson2@example.com', 'hash2', '1999-02-16', '2025-04-13 05:05:31'),
(3, 'jamesrodriguez3', 'jamesrodriguez3@example.com', 'hash3', '1980-12-16', '2025-04-11 05:05:31'),
(4, 'oliviabrown4', 'oliviabrown4@example.com', 'hash4', '1999-12-04', '2025-04-08 05:05:31'),
(5, 'noahgarcia5', 'noahgarcia5@example.com', 'hash5', '1979-11-10', '2025-04-08 05:05:31'),
(6, 'noahjones6', 'noahjones6@example.com', 'hash6', '1995-10-12', '2025-04-08 05:05:31'),
(7, 'avamiller7', 'avamiller7@example.com', 'hash7', '1978-03-13', '2025-04-12 05:05:31'),
(8, 'sophiabrown8', 'sophiabrown8@example.com', 'hash8', '1992-11-11', '2025-04-11 05:05:31'),
(9, 'sophiajohnson9', 'sophiajohnson9@example.com', 'hash9', '1991-08-27', '2025-04-13 05:05:31'),
(10, 'jamesjohnson10', 'jamesjohnson10@example.com', 'hash10', '1996-11-26', '2025-04-14 05:05:31'),
(11, 'noahgarcia11', 'noahgarcia11@example.com', 'hash11', '1973-03-13', '2025-04-09 05:05:31'),
(12, 'emmamiller12', 'emmamiller12@example.com', 'hash12', '1976-04-19', '2025-04-10 05:05:31'),
(13, 'jamesbrown13', 'jamesbrown13@example.com', 'hash13', '1997-07-22', '2025-04-12 05:05:31'),
(14, 'benjaminbrown14', 'benjaminbrown14@example.com', 'hash14', '1974-08-26', '2025-04-14 05:05:31'),
(15, 'charlotterodriguez15', 'charlotterodriguez15@example.com', 'hash15', '1998-10-11', '2025-04-09 05:05:31'),
(16, 'sophiabrown16', 'sophiabrown16@example.com', 'hash16', '1977-05-10', '2025-04-08 05:05:31'),
(17, 'noahjohnson17', 'noahjohnson17@example.com', 'hash17', '1976-04-02', '2025-04-09 05:05:31'),
(18, 'noahmartinez18', 'noahmartinez18@example.com', 'hash18', '1979-05-10', '2025-04-08 05:05:31'),
(19, 'williamdavis19', 'williamdavis19@example.com', 'hash19', '1970-03-18', '2025-04-14 05:05:31'),
(20, 'noahgarcia20', 'noahgarcia20@example.com', 'hash20', '1986-05-15', '2025-04-12 05:05:31');

INSERT INTO Addresses (Address_Id, User_Id, Zip, Province, Country, StreetNameAndNumber) VALUES
(1, 1, 'G1V55', 'PE', 'Canada', '142 Boulevard Champlain'),
(2, 2, 'G1V21', 'AB', 'Canada', '351 Rue Saint-Jean'),
(3, 3, 'G1V65', 'MB', 'Canada', '193 Rue Saint-Jean'),
(4, 4, 'G1V23', 'MB', 'Canada', '80 Rue des Peupliers'),
(5, 5, 'G1V81', 'NS', 'Canada', '437 Avenue Cartier'),
(6, 6, 'G1V54', 'NS', 'Canada', '355 Avenue Maguire'),
(7, 7, 'G1V67', 'NL', 'Canada', '49 Avenue Maguire'),
(8, 8, 'G1V57', 'MB', 'Canada', '410 Rue des Peupliers'),
(9, 9, 'G1V72', 'QC', 'Canada', '2 Boulevard Laurier'),
(10, 10, 'G1V81', 'NL', 'Canada', '139 Boulevard Champlain'),
(11, 11, 'G1V13', 'NB', 'Canada', '104 Rue Sainte-Foy'),
(12, 12, 'G1V77', 'NB', 'Canada', '87 Rue Saint-Jean'),
(13, 13, 'G1V75', 'AB', 'Canada', '431 Rue du Trésor'),
(14, 14, 'G1V58', 'ON', 'Canada', '284 Rue de la Couronne'),
(15, 15, 'G1V82', 'ON', 'Canada', '198 Rue Grande-Allée'),
(16, 16, 'G1V35', 'NB', 'Canada', '73 Rue Saint-Jean'),
(17, 17, 'G1V16', 'BC', 'Canada', '435 Rue du Trésor'),
(18, 18, 'G1V97', 'MB', 'Canada', '199 Rue Grande-Allée'),
(19, 19, 'G1V99', 'BC', 'Canada', '104 Boulevard Laurier'),
(20, 20, 'G1V28', 'QC', 'Canada', '294 Rue Grande-Allée');

INSERT INTO Wallets (Wallet_Id, User_Id, Solde) VALUES
(1, 1, 833.64),
(2, 2, 899.12),
(3, 3, 801.05),
(4, 4, 547.8),
(5, 5, 695.42),
(6, 6, 446.43),
(7, 7, 946.95),
(8, 8, 300.31),
(9, 9, 166.92),
(10, 10, 114.48),
(11, 11, 829.74),
(12, 12, 688.68),
(13, 13, 773.44),
(14, 14, 320.43),
(15, 15, 335.37),
(16, 16, 788.27),
(17, 17, 885.37),
(18, 18, 634.28),
(19, 19, 700.14),
(20, 20, 822.21);
