USE StyleAndHome;

INSERT INTO Users (User_Id, Username, Email, PasswordHash, Birthdate, CreatedAt) VALUES
(1, 'oliviawilliams1', 'oliviawilliams1@gmail.com', '$2b$12$z9xjcFZuNJcLCK63/1dGr.Jp/rvN.e7SjHENYN/7BKnV7z7RQj0de', '1994-12-15', '2025-04-13 05:05:31'),
(2, 'noahjohnson2', 'noahjohnson2@hotmail.com', '$2b$12$wdNLYhge44EbDA1hnFuwIOKznjDGtMY2t7Zfk0KxIilBT48KcqAcW', '1999-02-16', '2025-04-13 05:05:31'),
(3, 'jamesrodriguez3', 'jamesrodriguez3@yahoo.com', '$2b$12$4kqinYnYYEmQQe.3fLB4humbmqeePfGO8gscBdnY9JJahqKlAmHVi', '1980-12-16', '2025-04-11 05:05:31'),
(4, 'oliviabrown4', 'oliviabrown4@gmail.com', '$2b$12$1dR.XSIMJq2NRO.Xoa3W4eFSJJIgHntHE2Re8CGARFdq5fITPMU2q', '1999-12-04', '2025-04-08 05:05:31'),
(5, 'noahgarcia5', 'noahgarcia5@hotmail.com', '$2b$12$6SXX1g.s.gYghLcwgVW4PumQfGl/5u.hg8iuAcRKMTvTWj6RJKnMy', '1979-11-10', '2025-04-08 05:05:31'),
(6, 'noahjones6', 'noahjones6@yahoo.com', '$2b$12$1HnTZti2h2O8Zl3fgB0P8OAP5uGlLSawPPdWcJeeMOiPLo/n5HbDq', '1995-10-12', '2025-04-08 05:05:31'),
(7, 'avamiller7', 'avamiller7@gmail.com', '$2b$12$EayDoV1TDDJipppBSZ/PAeTDAbuL0D5bP1XFSYx8UbJt5VYi6BSIC', '1978-03-13', '2025-04-12 05:05:31'),
(8, 'sophiabrown8', 'sophiabrown8@gmail.com', '$2b$12$Oq7mRZGW8UMZ/WtWivz7PO.AVUpXPJQOfgDSDe70jMpLUkz0kLPzW', '1992-11-11', '2025-04-11 05:05:31'),
(9, 'sophiajohnson9', 'sophiajohnson9@gmail.com', '$2b$12$grAX2ow5SgBQ.ED6zvPPeuvRVCvWAB2a8AEulAcVuKLNeW2ZVf7Ai', '1991-08-27', '2025-04-13 05:05:31'),
(10, 'jamesjohnson10', 'jamesjohnson10@hotmail.com', '$2b$12$4Db77MaMQLICWgvlXszmiu5AZ0KpqiytKwz/OucPcnOa3XzWnVHyW', '1996-11-26', '2025-04-14 05:05:31'),
(11, 'noahgarcia11', 'noahgarcia11@hotmail.com', '$2b$12$qoiKhzLZIH/35GJKk2WZru3h1zAyT/2XZSpSBsFcrYyi35wQO1YaC', '1973-03-13', '2025-04-09 05:05:31'),
(12, 'emmamiller12', 'emmamiller12@hotmail.com', '$2b$12$kTT5npvEotI8KtQ/jU2M5O3SMBKmQY9ks1o44E47v6T16nFX8wDdW', '1976-04-19', '2025-04-10 05:05:31'),
(13, 'jamesbrown13', 'jamesbrown13@yahoo.com', '$2b$12$5FDssXNU5G9AfFh2UqjMCOS0H1eqL1r19MmBOzzEldYQ6G8gA8vFi', '1997-07-22', '2025-04-12 05:05:31'),
(14, 'benjaminbrown14', 'benjaminbrown14@yahoo.com', '$2b$12$u3drF5BPchYqE6XhJcB3GOJPS8kpVGlVRkzdfpZTBTQvVjk3BUBpS', '1974-08-26', '2025-04-14 05:05:31'),
(15, 'charlotterodriguez15', 'charlotterodriguez15@gmail.com', '$2b$12$IJYN4GQnPVK0N6N2nYYFOOmIK89.RocCnF7sx4AoRMTnT83KD1xjy', '1998-10-11', '2025-04-09 05:05:31'),
(16, 'sophiabrown16', 'sophiabrown16@gmail.com', '$2b$12$KBiOtUHaOlrUuBGvPlHpmOsnGnbKi5oNsdjPRK56mNoyjAIxve2VW', '1977-05-10', '2025-04-08 05:05:31'),
(17, 'noahjohnson17', 'noahjohnson17@gmail.com', '$2b$12$4UFbFQfySS3hyvttFRiyUe5PfF1GHZJWv8fvwN3jLJv47Zp9nYBty', '1976-04-02', '2025-04-09 05:05:31'),
(18, 'noahmartinez18', 'noahmartinez18@gmail.com', '$2b$12$9ppM4b6aYWWVJxkzvhcc2u.xZZO5j8XUtPaBQdf7yM8thh4mXQ0Wa', '1979-05-10', '2025-04-08 05:05:31'),
(19, 'williamdavis19', 'williamdavis19@gmail.com', '$2b$12$HtWxMTIQqAORp7RfT1UY8.4V3cr/2M3y6hYGVVYiU8TV0hZuLvd7a', '1970-03-18', '2025-04-14 05:05:31'),
(20, 'noahgarcia20', 'noahgarcia20@gmail.com', '$2b$12$Cu/NQqqxlIb0zL3Ed9ITu.zZs6bC9WxuMRZ3rjHo/4Y3ND7Ueq4vy', '1986-05-15', '2025-04-12 05:05:31');

INSERT INTO Addresses (Address_Id, User_Id, Zip, Province, Country, StreetNameAndNumber) VALUES
(1, 1, 'G1V55', 'PE', 'Canada', '142 Boulevard Champlain'),
(2, 2, 'G1V21', 'AB', 'Canada', '351 Rue Saint-Jean'),
(3, 3, 'G1V65', 'MB', 'Canada', '193 Rue Saint-Jean'),
(4, 4, 'G1V23', 'MB', 'Canada', '80 Rue des Peupliers'),
(5, 5, 'G1V81', 'NS', 'Canada', '437 Avenue Cartier'),
(6, 6, 'G1V54', 'NS', 'Canada', '355 Avenue Maguire'),
(7, 7, 'G1V67', 'NL', 'Canada', '49 Avenue Maguire'),
(8, 8, 'G1V57', 'MB', 'Canada', '410 Rue des Peupliers'),
(9, 9, 'G1V72', 'QC', 'Canada', '2 Boulevard Laurier'),
(10, 10, 'G1V81', 'NL', 'Canada', '139 Boulevard Champlain'),
(11, 11, 'G1V13', 'NB', 'Canada', '104 Rue Sainte-Foy'),
(12, 12, 'G1V77', 'NB', 'Canada', '87 Rue Saint-Jean'),
(13, 13, 'G1V75', 'AB', 'Canada', '431 Rue du Trésor'),
(14, 14, 'G1V58', 'ON', 'Canada', '284 Rue de la Couronne'),
(15, 15, 'G1V82', 'ON', 'Canada', '198 Rue Grande-Allée'),
(16, 16, 'G1V35', 'NB', 'Canada', '73 Rue Saint-Jean'),
(17, 17, 'G1V16', 'BC', 'Canada', '435 Rue du Trésor'),
(18, 18, 'G1V97', 'MB', 'Canada', '199 Rue Grande-Allée'),
(19, 19, 'G1V99', 'BC', 'Canada', '104 Boulevard Laurier'),
(20, 20, 'G1V28', 'QC', 'Canada', '294 Rue Grande-Allée');

INSERT INTO Wallets (Wallet_Id, User_Id, Solde) VALUES
(1, 1, 833.64),
(2, 2, 899.12),
(3, 3, 801.05),
(4, 4, 547.8),
(5, 5, 695.42),
(6, 6, 446.43),
(7, 7, 946.95),
(8, 8, 300.31),
(9, 9, 166.92),
(10, 10, 114.48),
(11, 11, 829.74),
(12, 12, 688.68),
(13, 13, 773.44),
(14, 14, 320.43),
(15, 15, 335.37),
(16, 16, 788.27),
(17, 17, 885.37),
(18, 18, 634.28),
(19, 19, 700.14),
(20, 20, 822.21);
